horizon_hours,mae_mean,mae_std,rmse_mean,rmse_std
1,10.026162601910176,0.2640308060656862,18.9516616030209,1.3649580028861032
3,21.51249254863761,0.45970042276107187,37.07772116648274,3.468147028831401
6,33.95797151472354,1.9380529048508335,53.82971436358633,1.33422724246614
12,49.503660929782676,6.9549865738080205,72.69573836510382,6.942205656276073
24,67.71738359911029,14.261352133695148,91.1058505162891,11.587173936781547
