horizon_hours,model,mae_mean,mae_std,mae_min,mae_max,rmse_mean,rmse_std,rmse_min,rmse_max,mae_cv_percent,rmse_cv_percent
1,catboost,9.905342552589373,0.200062439713852,9.73632381642659,10.126231830861784,18.56295610249697,1.0079375801753945,17.467062206511564,19.450315177683557,2.019742766609857,5.429833344484466
3,xgboost,21.51249254863761,0.45970042276107187,21.07777495045044,21.993650392567396,37.07772116648274,3.468147028831401,33.71417004285967,40.64176575600327,2.1368998581718732,9.353722180656865
6,xgboost,33.95797151472354,1.9380529048508335,32.81381959238947,36.19565137417047,53.82971436358633,1.33422724246614,52.32775345787445,54.87775947745676,5.707210467534936,2.4786073235578825
12,lightgbm,49.32040766213249,4.009130749056121,45.61841369742816,53.578593851214535,72.80497180758486,4.362247260855736,69.12023509610971,77.62160270892494,8.128746170389576,5.991688689042627
24,xgboost,67.71738359911029,14.261352133695148,52.97098713293335,81.43833798126391,91.1058505162891,11.587173936781547,80.44310796243994,103.43665325326673,21.06010506566961,12.718364266529557
