model,horizon_hours,cv_mae_mean,cv_rmse_mean,holdout_mae,holdout_rmse,holdout_mae_minus_cv,holdout_mae_ratio_vs_cv
xgboost,1,10.026162601910176,18.9516616030209,9.673029913977349,18.57106254471117,-0.3531326879328276,0.9647788788239332
xgboost,3,21.51249254863761,37.07772116648274,22.400715382647373,37.28177694771261,0.8882228340097633,1.0412886992058954
xgboost,6,33.95797151472354,53.82971436358633,32.17957318690047,51.69821862590739,-1.7783983278230693,0.9476294298953638
xgboost,12,49.503660929782676,72.69573836510382,44.42771864253295,68.79211322756082,-5.075942287249724,0.8974632947965288
xgboost,24,67.71738359911029,91.1058505162891,51.84037117315315,80.26965231922077,-15.87701242595714,0.765540078749207
