horizon_hours,mae_mean,mae_std,rmse_mean,rmse_std
1,10.121438133392605,0.44297943993463473,18.64904139001513,0.7751651083006993
3,24.065780496403743,1.8349292053509727,40.46959713462929,3.533260419650743
6,37.765840223661264,1.9880580440458229,58.72800572943299,4.003482972239295
12,49.32040766213249,4.009130749056121,72.80497180758486,4.362247260855736
24,68.05096037092227,11.831122591203654,91.33860771482631,7.276604493478515
